sowing,anthesis,matur,harv,crop,yield,biomass,roots,LAImax,Nfertil,irrig,N-uptake,Nagb,ETcG,ETaG,TraG,PerG,SWCS1,SWCS2,SWCA1,SWCA2,SWCM1,SWCM2,soilN1,soilN2,Nmin1,Nmin2,NleaG,TRRel,Reduk,DryD1,DryD2,Nresid,
1961284,169,229,1962239,WW,7447,12822.6,875.5,2.7356,122.9,0,125.53,122,499.79999999999984,472.6000000000003,247.41000000000003,529.6560000000001,59.232548600332095,222.02491614062083,18.216815485378397,129.97165665011883,64.09691571919555,130.63487607735303,4509.133784684675,17412.811289862697,47.957054003807954,72.0343075239313,80.928,0.9893769470404984,0.9657943925233646,1,0,32.4
1963114,180,205,1963209,SG,4586.3,7122.4,872.1,1.753,79.8,0,151.04,146.6,257.4,240.79999999999995,94.64,76.043,49.371786152708516,213.79622434119548,64.09317603905087,227.18287906216625,30.65714846039392,176.56651149104508,4690.349837188559,18116.64298553913,50.70891655267893,97.11879594000006,12.517,1,0.9991666666666662,0,0,20.9
1963231,n.a.,n.a.,1964010,WRC,0,1901.1,1928.3,3.8615,0,0,99.41,74.3,99.79999999999997,98.09999999999995,35.63999999999997,99.65099999999998,61.64716748920917,206.20493285129172,n.a.,n.a.,n.a.,n.a.,4684.614484011113,18229.523536322005,24.750524485841403,70.4782515901607,16.454000000000004,1,0.9939310344827581,n.a.,n.a.,11.2
1964131,224,256,1964257,SM,16223,17046.4,40.5,7.0473,113.5,0,292.89,270.2,507.69999999999993,452.7999999999998,301.64000000000016,4.3260000000000005,35.45498414949493,199.47037234584346,8.878734475193406,66.75785100817971,1.7241461112603855,3.2184541779154836,4568.506865573606,17721.790828913723,44.9866388811001,73.26758484403739,0.603,0.9356692913385826,1,4,4,6.7
1964275,161,219,1965225,WW,7768.1,13292.7,903.4,2.8434,90.8,0,132.4,128.5,496.09999999999997,478.49999999999983,242.1600000000001,350.1119999999999,27.70998950802338,28.85138590523652,49.24812268570827,205.1821645272188,62.03785477291431,207.75134459556065,4735.672207635492,18326.521543738265,57.32821969108498,94.48872036233169,95.13199999999998,1,0.9691798107255534,1,1,33.7
1965253,136,182,1966183,WRA,3707.8,11916.3,2111.5,4.0472,78,0,198.9,182.2,498.09999999999985,468.2999999999996,275.13999999999993,426.736,62.98092631164116,227.944521691633,24.289235651287825,131.49592247535008,60.41986478196172,114.71430419181381,4636.725639260895,18070.628104338513,24.356970931259802,49.565475461058526,75.01500000000003,0.9947635135135139,0.9968581081081109,0,2,33.8
1966286,157,206,1967207,WW,6571.3,11501.5,771.8,2.4016,92,0,162.87,159.4,506.7,438.09999999999985,234.97000000000003,396.1179999999999,44.89600721341559,153.52381674212944,7.384327403284571,112.04771039365568,0.0,0.0,4802.16715888092,18605.29731552743,52.38628204213537,73.317810079998,103.42699999999999,0.9837282229965156,0.9939721254355418,2,4,43.5
1967231,n.a.,n.a.,1968010,WRC,0,1154.1,1171.4,2.329,0,0,81.16,62.2,111.89999999999995,91.49999999999996,22.84,46.116,16.44173263210994,18.216754209835983,n.a.,n.a.,n.a.,n.a.,4767.998486739286,18661.047365454888,16.103730597573776,72.22584021637849,6.676000000000001,0.8948275862068965,0.9999310344827587,n.a.,n.a.,9.3
1968110,177,203,1968208,SG,4697.6,7407.7,936.1,1.8822,50.4,0,197.22,192.1,283.2000000000001,245.59999999999997,105.21999999999994,0,22.55105869083159,186.6910779787054,15.909168324717678,146.63809108828582,34.84120182605415,132.40002821476975,4916.823178700266,19072.460414595556,55.28278293816629,92.26518721065365,0,0.9815151515151516,1,3,0,28.3
1968232,n.a.,n.a.,1969010,WRC,0,1883.1,1917.9,3.809,0,0,122.77,88.8,99.8999999999999,97.09999999999991,34.94999999999999,93.99699999999999,62.014953003892344,176.61363966623378,n.a.,n.a.,n.a.,n.a.,4895.68526528797,19159.37811721484,27.24406588513985,75.22076592727578,14.992999999999999,0.9959310344827585,0.9999310344827587,n.a.,n.a.,13.3
1969130,224,n.a.,1969258,SM,14862.9,15641.9,49.7,7.2335,102.4,0,278.05,255.3,446.0999999999998,433.1999999999998,260.58,60.98799999999999,48.21057883242653,212.8068893504769,29.53135299634986,148.56934709828764,n.a.,n.a.,4755.86763467056,18459.18045224152,80.57974896690679,127.72944288466744,8.918,1,1,0,n.a.,6.5
1969276,163,214,1970215,WW,7419.8,13266.9,1006.8,3.1125,45.699999999999996,0,175.1,169.7,484.90000000000003,418.6999999999999,255.24000000000004,258.28900000000016,12.14834313632177,102.87407755125369,0.0,88.86458647028313,3.3313455810854955,7.836486633668247,4905.740611268794,19079.188908990825,50.68709258328409,76.48415761880474,77.26100000000002,0.9575737704918026,0.9854098360655726,8,2,48
1970238,138,187,1971188,WRA,3977.8,13305.3,2740.7,5.3083,32.900000000000006,0,241.59,218.8,560.9000000000002,512.1999999999997,346.35000000000025,40.304,19.734598973998676,23.671871577344504,70.90967928460164,145.4326892371752,48.75032588559938,119.7096324265663,4782.931164650138,18735.72605205509,27.679194388433285,61.167832216419555,7.526,0.9700316455696211,0.9999683544303798,7,2,40.4
1971274,159,214,1972224,WW,8487,15161.6,1140.7,3.5984,32.3,0,205.72,198.7,493.2,473.5000000000002,257.13999999999993,142.01399999999995,20.45842165425192,88.11141763541275,53.81940724574302,197.47778050493378,33.578250557115375,127.82085559824738,4926.4457498778465,19175.234235627442,62.19930803935657,100.39706027574971,27.677000000000003,0.9925632911392405,0.9949683544303843,0,4,56.1
1972232,n.a.,n.a.,1973010,WRC,0,1973,1983.6,3.949,0,0,122.81,89,113.8999999999999,103.19999999999992,38.84000000000001,0.274,61.34554348165497,155.51336912595437,n.a.,n.a.,n.a.,n.a.,4927.796818739296,19364.137017085508,25.586448011800012,70.93802656544777,0,0.9961379310344828,0.9999310344827587,n.a.,n.a.,13.3
1973121,180,201,1973211,SG,4265.3,7008.8,966.9,1.9348,40.9,0,196.91,191.5,287.10000000000014,243.70000000000002,114.11999999999999,40.274,65.3353055144185,230.33005920450503,8.467303131090716,140.14620010672724,18.879162335620222,110.1979286091597,5060.0575479316885,19705.397639719777,69.81224527855363,121.1866594120462,5.603,1,1,0,0,31
1973225,n.a.,n.a.,1974010,WRC,0,2303.2,2334.5,4.634,0,0,142.63,100.6,144.89999999999992,94.89999999999995,48.50999999999996,119.76700000000002,5.444422833820517,96.21191129411523,n.a.,n.a.,n.a.,n.a.,5046.576227988085,19874.07960704164,22.74379416282061,71.85509820074684,17.288,0.9643046357615895,0.9999337748344371,n.a.,n.a.,15.1
1974130,237,n.a.,1974258,SM,13667.4,14490.8,136,6.756,65,0,265.02,243.6,444.1,421.0999999999999,235.21000000000004,0,19.201109588023503,182.02138450735907,23.03925339242799,128.68732718920046,n.a.,n.a.,4887.461820651222,19103.810167244985,72.0560017377365,127.3352283931899,0,0.9565891472868217,1,4,n.a.,7.1
1974314,166,210,1975211,WW,5827.9,11326.5,928.8,2.9282,85.3,0,163.14,158.8,515.3,429.10000000000036,245.86999999999992,413.95700000000005,63.05979614502896,228.00865942993323,0.0,64.57870869515457,0.0,0.0,5026.949535080538,19636.469665551478,53.25401799154421,77.17943281436705,139.81600000000003,0.959429657794677,0.9861216730038026,0,5,50.9
1975241,139,175,1976176,WRA,2093.6,9041.1,2189.2,4.2294,22.700000000000003,0,198.11,180.6,534.8,416.8999999999999,270.83,69.85300000000001,17.18332347439973,16.58235200438217,3.7354042704995396,56.535124553362834,0.0,0.0,4913.073649726166,19299.708628771506,35.98625853271696,65.85091138155772,13.373,0.9083388704318934,0.9999667774086379,0,13,32.4
1976286,161,217,1977218,WW,7872.1,13728.3,944.3,2.9358,26.1,0,175.56,170.4,517.8000000000001,473.0999999999999,246.91000000000005,186.46000000000004,10.581977699024906,7.732265960190457,41.059430280462045,167.31512628166416,29.77679424056137,100.55025530261592,5012.955117744067,19626.337500053527,55.521454939308626,93.20964661329262,78.356,0.9972909698996656,0.9899999999999992,0,2,46.2
1977231,n.a.,n.a.,1978010,WRC,0,2035,2061,4.0887,0,0,129.83,93.6,119.09999999999995,106.29999999999995,44.74,54.71899999999999,38.12296957566631,108.59617591060314,n.a.,n.a.,n.a.,n.a.,5010.134896560211,19787.0276383547,24.389635165157852,70.06645964783989,7.495,0.9866206896551725,0.9999310344827587,n.a.,n.a.,14
1978121,183,212,1978216,SG,4902.8,7575.5,913.1,1.853,41.4,0,205.39,200.5,280.2999999999999,268.9,107.01999999999997,87.01100000000002,74.00045494578978,239.0029841564307,52.72867861861704,194.19385872975084,22.551584162945527,164.7004054844397,5109.0820817518015,20035.581155128715,59.14113555823992,124.08241438619777,12.118999999999998,1,1,0,0,28.2
1978231,n.a.,n.a.,1979010,WRC,0,1886.8,1907.6,3.7926,0,0,122.4,88.9,107.90000000000002,81.70000000000002,33.52000000000001,17.127000000000002,6.8667729994516815,148.07194120567743,n.a.,n.a.,n.a.,n.a.,5108.454153329894,20183.559852079154,32.35519709769339,101.46536345568668,2.34,0.9713793103448275,0.9999310344827587,n.a.,n.a.,13.3
1979130,232,n.a.,1979258,SM,14132.7,14931.5,82.7,6.9949,103.3,0,269.99,247.7,420.4999999999998,412.4999999999999,266.61,21.937,56.211706927568244,220.96154806467774,28.28200004463096,98.22495450600935,n.a.,n.a.,4972.341463185062,19455.983196307825,91.49016155493705,140.120459424069,4.992,0.9995348837209302,1,0,n.a.,6.8
1979294,162,221,1980235,WW,7613.1,13251.9,896.6,2.8138,33.4,0,164.16,159.4,513.8999999999997,477.99999999999994,236.81999999999996,238.33499999999995,10.947191267192515,34.952840075695974,9.594255795751074,117.25334402860602,50.62990686742805,197.37888403267849,5076.155630828604,19895.129588843403,66.61183139127566,112.35711034699544,98.85800000000003,1,0.9834527687296405,6,0,43.1
1980254,136,185,1981186,WRA,3527.2,10854.2,1625,3.0393,38.900000000000006,0,200.31,188.5,495.3999999999999,474.20000000000005,248.6500000000001,357.7539999999999,48.77924792270767,195.83802620543307,46.844303207685435,148.7157449751558,62.37232389598549,160.65527080195412,4934.641745652824,19482.75062913208,23.483408996897026,57.15452845009904,84.324,0.9985284280936457,0.9989632107023421,0,0,35.1
1981274,156,203,1982204,WW,7821.6,13916.4,1017.2,3.2111,73.4,0,201.12,195.2,516.2,479.8999999999997,277.1599999999999,330.1719999999999,39.82263897872071,132.3192933634621,17.06867687730597,122.66577289712421,2.6906436414388586,32.19579484257268,5066.284667412468,19870.532563708108,54.625726869022955,82.98298661122942,98.61999999999999,1,0.9957770270270287,8,2,54.7
1982231,n.a.,n.a.,1983010,WRC,0,2124.7,2148.3,4.261,0,0,119.65,85.6,127.89999999999996,111.69999999999999,44.11,82.189,18.648659480723403,46.854675252317044,n.a.,n.a.,n.a.,n.a.,5049.555507016611,19992.853003544442,20.495774459314426,62.67803481798089,10.871999999999998,0.968551724137931,0.9944827586206886,n.a.,n.a.,12.8
1983121,183,199,1983200,SG,3543.6,6231.8,937.2,1.8812,55.1,0,185.85,180.7,258,227.70000000000002,103.43999999999998,65.98899999999999,56.88714275055733,221.738624655994,25.337610440380928,164.41599227966773,0.0,103.89784467550034,5184.1693137304355,20369.643588792544,60.55065110724253,121.5683457814618,8.588,1,1,0,2,33.5
1983221,n.a.,n.a.,1984010,WRC,0,2461.5,2503.5,4.9803,0,0,150.57,105.2,162.8999999999999,96.49999999999997,57.57,5.3660000000000005,0.0,94.9972288014768,n.a.,n.a.,n.a.,n.a.,5191.634425245638,20578.843315443693,27.973091335304396,76.25500224643457,0.501,0.9485806451612904,0.9999354838709678,n.a.,n.a.,15.8
1984116,231,256,1984259,SM,12980.5,13727.9,71,6.0503,97.80000000000001,0,252.14,232.5,460.89999999999986,381.3,226.10999999999996,95.71700000000003,30.90131443955027,195.42025652762106,0.1461660336529086,17.21812119110819,66.00068230809677,72.6792196296555,5050.894522858032,19891.061660223564,73.8163171549221,140.28164313703854,14.449999999999998,0.907013888888889,1,8,10,6.5
1984305,162,217,1985235,WW,8682.4,15082.3,1041.9,3.324,65.8,0,190.93,184.8,546.1999999999998,496.70000000000005,276.5,315.631,61.89112381108085,226.82192690056266,32.679693677625025,146.56176799257736,38.36074356425313,78.50412089875363,5162.50478119888,20266.775107828038,71.40493706933943,104.21109358645951,136.7,1,0.9897979797979775,18,4,49.8
1985240,145,188,1986194,WRA,3927,13382.3,2871.3,5.4716,45.900000000000006,0,244.42,220.2,553.5999999999998,514.7999999999997,332.88,230.30000000000007,40.18557556880201,80.1543021404804,36.19685641387655,125.71797231558962,24.90894344610488,57.1283225927147,5030.311259908933,19897.617105612655,36.956823806931624,62.642461241637946,41.906000000000006,0.9896562500000003,0.9998750000000001,0,3,40.5
1986278,163,219,1987224,WW,8913.1,16326.3,1356.1,4.3141,92.69999999999999,0,189.12,179.8,495.8000000000002,484.8999999999999,272.37999999999994,325.86899999999986,40.17867851140523,85.77097875240851,54.66778793747326,159.8038341008922,56.64447061635956,154.0370526785899,5165.515009938962,20332.14781787033,62.50353605861078,98.14692629269148,108.679,0.9966025641025641,0.9829166666666652,1,3,52.8
1987227,n.a.,n.a.,1988010,WRC,0,2476.5,2507.5,4.9522,0,0,118.06,85.1,124.19999999999997,122.10000000000002,54.269999999999975,162.099,54.908824959744464,152.19959691941088,n.a.,n.a.,n.a.,n.a.,5147.86399670274,20450.491058162035,22.95398855319041,65.92314838282091,21.663,0.9999328859060403,0.988993288590606,n.a.,n.a.,12.8
1988122,181,207,1988213,SG,4917.9,7845.4,1019.9,2.0496,46.3,0,206.34,200.4,273.5,247.59999999999994,104.28999999999999,16.845000000000002,28.62183849238653,192.67949676878027,16.627731365550634,156.71312441981343,63.84367504597525,188.9319836222461,5262.858035726358,20747.84206238472,61.12182426781169,104.21359082147914,2.407,0.9969565217391304,1,1,0,30.4
1988219,n.a.,n.a.,1989010,WRC,0,2998.9,3047.1,6.0718,0,0,150.92,106.6,142.19999999999973,138.09999999999977,65.72000000000001,191.156,51.78979886002323,183.83527877964423,n.a.,n.a.,n.a.,n.a.,5238.371966817713,20839.13886131306,28.611716973117883,73.2284183638845,26.384999999999998,0.999746835443038,0.9945569620253153,n.a.,n.a.,16
1989130,217,233,1989234,SM,11234.6,12048.9,275.5,7.6912,64.4,0,244.83,220.4,434.69999999999993,312.2000000000001,222,0,33.12751386910263,197.6527046258489,0.7198805930046709,5.991369179411413,0.0,0.0,5099.32778362133,20210.816344036502,59.80817384756301,113.20651569007016,0.001,0.8533333333333332,0.9998095238095238,6,13,7.7
1989274,147,203,1990204,WW,9915.9,19114.4,1753.2,5.559,46,0,285.54,272.2,572.5999999999999,528.1000000000001,374.58999999999986,101.67700000000002,28.93726591062447,28.14659956382705,3.047200761664412,78.57892793034316,0.0,1.2632375557724425,5239.7952354519475,20713.054792734543,57.169722332477605,82.38490075164088,39.227,0.96945945945946,0.9983783783783798,0,4,86.3
1990240,141,190,1991191,WRA,3521.3,12385.9,2518,4.8444,33.3,0,229.53,209,568.8999999999999,523.9,321.24000000000024,124.70999999999998,0.0,0.0,44.052792945368004,110.83380488290481,60.248847156815756,86.89279791205236,5106.954173525408,20303.341304504214,39.2554470204427,70.18642825325406,26.531,0.9492744479495274,0.9999369085173502,0,2,38.3
1991277,150,200,1992205,WW,8363.7,14805,1070.1,3.3533,43.4,0,188.7,182.2,508.40000000000003,472.59999999999997,274.58,212.07799999999997,33.52775882448423,58.863034721842695,12.748068642452678,118.43107634439538,38.25431266254551,102.60641954461786,4953.928504402236,19761.897515853667,20.622872407293983,57.429002245146236,77.57100000000003,0.998095238095238,0.9897278911564613,0,4,19.4
1993077,151,179,1993180,SG,4622,7018.4,796.1,1.6067,78.2,0,194.64,190.9,310.20000000000005,268.59999999999997,110.22000000000001,0,43.17246364895586,207.8688800000189,25.123786645619667,151.61790789384983,14.790461131197363,113.87570995002775,4845.5412140750495,19358.787803579802,14.207096173078922,61.52662805524031,0,0.9803846153846154,1,0,1,7.2
1994120,211,237,1994238,SM,15111.1,15924.5,113.6,7.465,172.5,0,277.62,253.4,498.4000000000002,421.8999999999999,284.2100000000001,31.857000000000003,29.091058312967753,193.50878077537905,0.5218850219631394,9.115943062549231,19.48571942100045,19.985857219221096,4734.726918056552,18901.630238608137,16.779792149744782,41.410517176038205,7.845000000000001,0.919075630252101,0.9989075630252099,5,4,6.6
1994274,156,202,1995203,WW,7472.8,15396.3,1588.8,5.0028,121.4,0,178.95,168.6,494.9999999999999,468.2999999999998,318.40999999999985,332.92600000000004,49.658995464741764,86.05936388645208,57.303819049791926,164.30236268146132,16.84198657402819,61.042587572971804,4677.116214935413,18688.455006566506,13.689587051182947,35.23417694316781,71.36300000000001,1,0.9801355932203393,0,2,19.5
1995253,149,189,1996192,WRA,2560.2,9956.9,2099.4,4.014,76.7,0,169.93,153.5,543.7999999999998,452.7,281.54,3.5300000000000002,1.840661782389402,42.228591112033754,37.83459525498594,104.57306133351655,33.99003585020347,37.74815245899499,4663.398950453693,18662.19689561185,16.11162125282754,38.076782830170146,0.154,0.9335737704918031,0.9935409836065592,0,2,27.9
1996282,154,204,1997206,WW,9051.6,16446.9,1281.8,4.1354,87.1,0,167.89,160.6,507.90000000000003,483.5,301.4399999999999,170.509,61.984580575354435,145.45937299616145,20.247172163834037,121.99931823997703,43.01056393677202,81.4504944369226,4610.960239900666,18457.547864739226,17.637874009035293,47.381514963313066,34.311,1,0.9802405498281783,2,1,17.4
1998089,159,186,1998200,SG,4759.5,7172.2,800.4,1.6278,83.7,0,155.97,152.2,297.9000000000001,263.79999999999995,101.67999999999999,62.812,47.49389124402573,212.16375746874417,34.82657448583039,174.62072899432246,14.910361628039235,128.67363844165232,4556.811522300391,18246.17228876424,18.19033815369556,62.46465865702006,12.288,1,1,0,0,5.7
1999130,217,249,1999251,SM,16717.3,17554.4,59.9,7.2246,174,0,259.43,235.9,494.3999999999998,451.2000000000001,295.6099999999999,0,33.77839400629963,198.11099085133637,0.0,22.446045650588484,2.3075179976143527,4.385199751949939,4485.145183391815,17954.898311827055,14.18486212219012,31.724198865956033,0,0.9394262295081964,0.9989344262295085,0,4,5.8
1999287,147,206,2000219,WW,8721.5,14618.3,969.7,3.0947,103.60000000000001,0,143.8,138.9,495.90000000000015,464.49999999999994,255.19,170.975,21.21246939211086,22.659855000491504,46.013873573152445,174.6066399926397,49.45001232251754,100.80599920800464,4457.9034863278,17852.412856785428,18.36567572171664,50.9794781665648,29.968,0.9948657718120805,0.9692281879194629,0,1,14.3
2000243,137,184,2001185,WRA,4241.8,13635.4,2950.8,5.6708,92.2,0,155.46,131.7,538.5000000000002,499.5999999999998,329.88000000000005,397.0839999999999,23.473846894674995,97.64169764999096,50.18314559950402,170.11898241774537,7.190706778142993,28.615447444883173,4438.517463576897,17819.96565598549,13.709085119220402,33.70687462325642,49.23400000000003,0.9921035598705502,0.9441423948220061,3,2,24.4
2001278,150,200,2002207,WW,9055.9,16877.7,1463,4.6766,130.3,0,161.91,153.4,523,498.7999999999999,323.28999999999996,440.45099999999996,59.04156646273487,203.4388242429083,15.27627179609944,114.7665906263495,12.938961956542807,37.79639536493044,4409.877937028955,17697.73496181538,15.607765063763658,34.52688769261533,68.71499999999997,1,0.9625084745762702,1,5,16.8
2003106,164,186,2003187,SG,4622.3,7231.4,893.9,1.7881,81.4,0,122.86,118.8,275.90000000000003,225.90000000000006,107.93999999999998,19.180000000000003,20.36789358019285,184.3918294394242,15.63289598167993,156.44610546013138,24.577456031778343,124.78539848728465,4365.277859491214,17541.7335016841,11.547912832259309,46.64314032903561,3.596,0.9612195121951219,0.9952439024390247,10,0,4.7
2004131,224,256,2004259,SM,16648.6,17489,59,7.8651,169.3,0,278.84,253.7,496.90000000000003,467.8999999999999,277.22,0,31.419486034084045,193.28632770031786,19.019538916434215,110.95496432960987,18.74724118551653,76.05089750993366,4311.7327520735,17331.16587089098,14.879628896502496,47.31440812922393,0,0.9645736434108526,0.9996124031007754,0,1,6.2
2004278,151,193,2005194,WW,7252,14503.1,1331.4,4.2691,100,0,150.67,142.9,521.6999999999999,468.30000000000024,305.06999999999994,195.20300000000006,51.92187062248567,108.8929545845596,16.58818380175211,119.57276448426846,49.887653268868114,55.05415017744764,4296.5155299998405,17258.039755982394,16.881310370875788,40.476734935894584,35.161,0.9851943462897531,0.9743816254416963,0,4,16.3
2005240,137,184,2006185,WRA,4071.9,13698.7,3264.8,6.2227,85.2,0,177.36,149.3,527.7999999999998,493.6999999999999,337.43999999999994,78.34899999999999,57.40235613515709,68.97383678691821,29.431928697164874,121.68506739800505,11.662873353368093,32.101907729650925,4282.888008672223,17259.43077373097,15.62295430334503,40.274432457434,10.159,0.9845980707395502,0.9654983922829574,0,2,27.5
2006282,144,195,2007196,WW,8827.3,18466.5,1992.1,6.4651,113.6,0,189.99,175.9,519.6999999999998,490.30000000000007,347.6000000000001,164.20199999999997,37.996870609971154,130.56549872857914,23.64741710153909,71.56386506811361,8.049362090656805,14.019100861274323,4261.903970698274,17177.067765586835,14.55073043535656,38.239883394192354,25.883000000000003,0.9872142857142856,0.9746428571428556,0,2,20.5
2008118,174,199,2008201,SG,5946.7,9181.2,1128,2.2708,82.6,0,162.78,155.8,275.79999999999995,251.70000000000007,121.99999999999999,0,30.76178138088107,195.05391772387765,31.36376087931754,167.88405763387564,33.2400555104709,135.76213633408975,4220.861172026446,17033.6665446295,14.373110221820687,52.0601035756614,0,0.9994047619047619,0.9982142857142848,0,0,6.1
2009097,205,233,2009235,SM,18700.9,19598.5,70.4,7.4165,175.2,0,272.49,247.7,541.9,502.6999999999998,318.5400000000002,104.347,46.34167178139466,211.1114256221851,34.601058981375196,159.28609423714332,4.202058015754425,45.31694028717666,4168.1360030959095,16826.406654174494,13.23836992143094,43.3352963026766,21.214,0.9998561151079138,0.9990647482014384,0,3,5.8
2009274,159,194,2010199,WW,6272,14550.3,1642,5.2712,105.8,0,159.28,148.8,490.69999999999993,429.79999999999984,303.4799999999999,179.42900000000006,0.0,30.315170410549097,13.814755454779977,95.39658806226913,14.426262926763778,15.019196202352452,4160.102818321878,16788.64376042823,13.605195891281335,35.40269799858581,31.18099999999999,0.9739518900343638,0.9672508591065277,5,9,18.2
2010245,126,171,2011192,WRA,3364.5,11630.3,2538.8,4.8846,106.6,0,144.36,123.6,514.1999999999997,480.10000000000014,265.9300000000001,318.825,58.85813927955903,113.20635207901476,51.847652766274784,168.6536980700006,53.06056957726369,133.52722822730166,4148.535787260792,16771.91399785578,19.46293281576072,50.40257703454822,42.38099999999999,0.9991054313099043,0.9491373801916921,0,6,22.7
2011298,144,191,2012196,WW,7974.9,14400.1,1087.8,3.5189,93.6,0,137.73,131.6,500.19999999999993,475.1,275.05000000000007,329.56500000000005,63.768018727241525,228.74399326582846,44.36513710916566,163.40597254478047,4.266238522158885,66.74966948894154,4112.844710044494,16641.640496692886,13.184770031937456,46.09739604701251,52.612,1,0.9579545454545451,3,5,14.2
2013113,170,190,2013197,SG,4953.7,7970.6,1021.2,2.0518,86.2,0,126.05,121.1,281.49999999999994,255.60000000000002,113.87,11.02,57.28979001464168,222.19011269791577,56.08627627208679,211.6532544603658,24.995929860221956,149.3777702737039,4082.590476308429,16519.694624933378,14.403619933417435,56.09328453026238,2.402,0.999764705882353,0.9915294117647059,0,1,5
2014128,216,238,2014239,SM,13863.7,14725,150.8,7.5351,173.5,0,259.83,235,473.4,374.49999999999994,252.82,0,56.401642196418216,221.2916748970326,0.050073414744986056,8.973737370926132,0.0,0.0,4053.012678341254,16398.517362553568,9.910127122856661,33.19918831528127,0,0.9024107142857145,0.9986607142857145,1,11,7.1
2014274,149,186,2015190,WW,6481.9,14242.8,1519.2,4.81,111.1,0,155.7,148.4,484.00000000000017,430.7000000000001,300.51000000000016,183.18900000000005,18.48312326618793,17.468508976009307,0.0,63.22941831880206,5.656694563705525,7.255845288117152,4040.924603471179,16340.130302670426,13.852575289772036,33.66923450132888,33.24800000000001,0.9534042553191492,0.9631560283687935,0,8,17.7
2015246,127,171,2016174,WRA,3200.4,11346.5,2085.6,3.948,87.80000000000001,0,149.91,134,519.3999999999999,468.20000000000005,284.42999999999984,184.50400000000008,5.084528054694113,4.87243328300406,18.305944137840996,94.27973649401069,22.346450671950567,39.22330365578612,4031.2550173561717,16333.383836860636,14.674210999358541,33.43539900559759,23.43699999999999,0.9373809523809523,0.9796938775510191,0,3,24.5
2016276,141,192,2017193,WW,8196,16161.7,1551.3,5.0446,109.1,0,174.76,164.7,524.1000000000001,457.59999999999985,314.61999999999983,182.822,22.650881037834782,37.172878345573885,22.70399169385834,120.47462325404112,0.1507654550249482,0.6386993796741736,4004.7400571457315,16231.760680978508,12.242558000113586,33.68657159489987,36.239999999999995,0.9584154929577466,0.9745070422535197,0,6,18.6
2018080,154,174,2018178,SG,4215.4,6745.6,865,1.7337,86.2,0,127.11,123.1,264.7,233.19999999999993,100.41999999999999,12.743000000000002,56.997177253106535,221.87857103942156,21.278769917917554,161.40685948545874,6.910337804796216,112.15898134293921,3976.4141640231683,16137.08478985232,12.011461848982597,49.95663006156887,2.294,1,0.9972727272727269,0,0,5.1
2019102,199,225,2019229,SM,17138.7,17962,78.8,5.8444,174.1,0,268.56,249,522.9999999999998,441.39999999999975,285.37,0,22.797187172765963,186.95650780166196,16.357021778033452,93.69225914143279,0.0,0.275109516415864,3929.049005964607,15940.894518195193,11.383411119308654,36.098265947001266,0,0.9085937499999999,1,10,6,5.8
2019276,161,193,2020213,WW,6608.2,14094,1458.4,4.655,120.6,0,138.77,130.4,473.79999999999995,441.70000000000005,271.38,343.903,51.396930526179005,52.446902248424045,25.61376976457167,154.09246531844505,41.39418073189874,106.4935832956546,3914.7988736504335,15860.38645699541,20.392185470935292,44.47038397308344,59.524,1,0.9500330033003288,0,6,15.3
2020251,138,179,2021181,WRA,3511.6,12821.8,2790,5.3361,94.1,0,163.59,140.9,503.7999999999997,471.09999999999985,306.58000000000004,235.03099999999992,31.703098733081802,106.64547722727049,57.65476883382349,140.10894225458748,28.61359948455719,49.073798551149686,3902.5950789657422,15865.278389735775,14.642846479480948,36.331503687190924,25.890000000000004,0.98959595959596,0.97043771043771,0,3,25.7
2021280,149,187,2022196,WW,7804.5,16332.6,1694.8,5.4564,110.6,0,154.61,144.6,504.0000000000002,472.6999999999998,319.55000000000007,190.24,49.41911141489823,65.51072245820647,36.51809434921532,142.6036327743434,15.785503126990164,53.845633399170936,3890.5897515916417,15812.720567040013,17.9776776238129,44.55381103993071,33.913999999999994,0.9977659574468085,0.955744680851063,0,3,16.8
2023121,179,198,2023200,SG,4849.2,8063.3,1128.6,2.2527,84.5,0,125.93,119.9,249.10000000000005,230.40000000000003,106.50000000000001,41.789,64.81568344637799,229.78916929311015,40.79365034165017,188.7933307327694,33.27647900348165,160.64089838000717,3846.873109644153,15665.619273263143,11.702009234925416,55.071783509419724,9.994,1,0.9922499999999997,0,3,5.2
2024131,212,239,2024241,SM,16197.2,17004.2,84,7.5364,175,0,277.17,252.7,487.49999999999983,445.9,292.1099999999999,0,53.98752383789287,218.79803241696223,1.1971011148047106,38.04445486662163,1.2423676624165962,2.778122188152585,3799.01778390132,15466.851051016865,11.118536721357254,38.786139618061284,0,0.9411711711711711,0.9994594594594596,0,3,6.1
2024275,143,191,2025198,WW,8956.6,17346.5,1703.4,5.4951,114.69999999999999,0,154.01,142.6,511.7000000000002,494.3999999999998,331.16999999999973,247.2020000000001,4.58801778362681,5.277488000812958,38.99327811522225,127.45120250963923,12.30967044242209,45.565168553987554,3785.8969238389336,15410.596390730883,13.894186229480193,38.43682256363552,40.928,1,0.9354827586206893,1,3,16
2025238,127,176,2026177,WRA,4118.3,14114.5,3268.4,6.3328,97.4,0,155.72,129.6,564.3999999999999,524.5999999999998,355.93000000000006,228.95000000000005,15.71951023355763,47.70365740926448,37.7342668816884,120.07014340786611,51.30320499623047,73.00499414003123,3787.885656776946,15440.157188821102,19.63881876635445,38.81260678068377,27.7,0.9808196721311473,0.9362295081967194,0,2,23.8
2026288,145,188,2027189,WW,8309.8,15856.3,1310.8,4.2333,109.4,0,152.81,145.7,502.9,477.5,316.24,225.17199999999997,35.17444860301976,51.16819163042811,17.995671953941372,120.41013962348815,3.0182838042038167,19.066846398096455,3765.1058054676523,15367.21986050006,11.964097699219103,35.23554055030286,45.45300000000002,0.9985767790262177,0.9639700374531829,0,2,16.2
2028112,169,189,2028190,SG,4989.6,8106.7,1078.2,2.1603,81.9,0,139.29,133.1,269.8,225.70000000000005,118.66000000000001,30.762999999999998,34.60052618613501,174.3074557243015,21.516501890002026,164.80896792316747,5.829509725912871,109.2466514954462,3738.2605030593186,15280.256764190459,11.89394631005397,49.97058841119786,4.471,0.9730379746835444,0.9964556962025318,1,2,5.6
2029112,201,225,2029226,SM,16275.9,17108.1,117.2,6.4801,169.39999999999998,0,270.48,248.9,475.1000000000001,410.5999999999999,265.40999999999997,0,28.182008741352007,192.52936734658283,1.3718418017806626,40.97483042805333,0.0,1.998647513067997,3697.380803972029,15115.593132750722,10.590243012070676,35.24172016886866,0,0.9500000000000002,1,5,4,6.2
2029278,140,187,2030198,WW,9078.7,17078.6,1482,4.7517,109.60000000000001,0,154.23,146.5,516.7,481.2999999999999,316.4799999999999,204.82399999999998,29.019606923398925,29.734144761641407,9.532876415939176,105.05716686807855,6.84675850093099,23.69369444739021,3679.436507702145,15031.649755376173,14.885312046716024,37.323076245517996,39.773,0.9888111888111887,0.9512937062937075,0,5,16.1
2030253,136,183,2031187,WRA,3900.4,13398.7,2576.3,4.9983,94.60000000000001,0,157.88,137.1,564.8000000000002,518.8000000000002,334.9399999999999,78.189,0.0,12.780855883223918,32.89634671719934,113.49666566200499,56.76432587835032,78.48541822339317,3686.7171796279404,15089.729623113544,18.350315140753153,40.84334322768537,9.577000000000002,0.9599000000000004,0.9719333333333336,0,2,25.2
2031294,150,192,2032193,WW,7970.5,15082.7,1258.2,4.1736,89.4,0,149.28,142.4,456.3,430.40000000000003,274.89000000000004,107.87400000000004,31.344605754813106,49.331398714852995,25.20954132066057,139.46298913648027,0.0,10.897307396319153,3675.517177807143,15058.422665943843,10.843252939352404,36.174948669317104,16.636999999999997,0.9947924528301891,0.9698113207547163,2,0,15.7
2033110,168,185,2033190,SG,4758.2,8419.6,1305,2.6064,86.1,0,125.33,117.3,258.49999999999994,224.6000000000001,117.69000000000003,0,36.735504012314685,201.34530087393537,17.786729798468034,141.73372225689067,11.636692536804786,98.80078136758662,3652.255614628957,14971.601537804409,12.668287007609354,46.6955078638801,0,0.9998765432098766,0.988765432098765,0,4,5.6
2034130,214,235,2034246,SM,15812.6,16657.4,186.7,7.2417,173.6,0,257.49,233.4,511.79999999999995,449.99999999999994,300.4,55.657,26.262432972725648,190.05240641324107,4.17231507850683,64.5964221040208,12.192992833773804,21.01505406102015,3612.607726338141,14803.198767994636,15.847488652913475,40.74202925070806,12.411,0.99991452991453,0.9980341880341881,0,5,6.1
2034278,154,201,2035206,WW,8763.6,16584.4,1470.4,4.6716,112.80000000000001,0,150.57,142.8,474.20000000000005,446.19999999999993,280.81999999999994,218.78600000000003,33.08465024817783,41.22108690244397,46.043717453500186,172.81976804245647,12.336180325876004,59.36280607354405,3594.4467703674104,14736.93888420235,14.111642426425359,39.5801898902085,41.841,0.9991496598639455,0.9614285714285713,0,4,15.8
2035243,126,175,2036179,WRA,4248,14051.9,3196.9,6.21,78.7,0,152.56,128.2,556.2999999999998,514.3999999999997,348.7800000000001,85.318,9.751753978470115,55.51552987700446,60.70824846664665,150.01900820715207,35.71447025118863,56.29357789959237,3594.286350348037,14767.841937294805,16.007331119292417,40.33851015868269,10.723999999999998,0.9780463576158948,0.9307615894039732,0,3,23.7
2036280,147,189,2037190,WW,8521.7,17174.9,1638.2,5.3141,112.5,0,162.48,152.6,483.40000000000015,460.4000000000001,311.3900000000001,169.01700000000002,18.995822322367637,51.45500268840311,35.724053187801665,134.64672434492152,11.801050966903412,36.1154444403755,3585.3988148381927,14736.257115521918,12.907584642273184,38.31294043681204,30.38699999999999,0.9948736462093862,0.9667509025270749,0,2,17.4
2038105,158,180,2038188,SG,5224.2,8356.3,1053.4,2.1334,85.8,0,118.08,113,287.3999999999998,262.1000000000001,113.11999999999999,15.922,51.755713352557805,216.58854539541343,27.687514402182437,162.585364601547,56.908677960478165,172.5416005311049,3553.7420803657933,14607.341636273606,17.174894853372113,57.28225528135628,3.101,1,0.9860714285714287,0,0,4.7
2039130,210,235,2039238,SM,15785.5,16542.8,105.6,6.2178,167.3,0,257.16,236.7,481.30000000000007,413.79999999999995,242.41999999999996,0,33.70843927712789,196.80782034713826,1.628474577535252,47.08202865862547,0.19765260543194438,1.908980648655606,3501.704451362116,14400.989119752132,10.150177904711555,34.66346942079721,0,0.930275229357798,0.9991743119266058,0,3,5.5
2039281,145,186,2040187,WW,6657.7,14722.1,1660,5.3292,106.5,0,154.99,145.2,482.8,415.0999999999998,291.2400000000001,141.18500000000003,20.44055333002752,20.58727368909713,13.489369932528957,109.06946810111121,0.0,0.0,3497.007769392102,14382.15625154042,10.508577684131858,32.17653225129869,23.384000000000004,0.9660661764705883,0.9637499999999993,0,8,17.3
2040249,126,170,2041177,WRA,3948.5,13754.4,3099.7,6.0338,93.8,0,145.38,119.8,567.4000000000002,530.0000000000001,331.0999999999999,232.83499999999995,6.8202690101096115,5.189023411883029,34.05477264065956,149.29055068544395,62.019138858706334,134.85946895635047,3494.9576161201253,14402.527801419736,18.701152861019704,42.4297692542382,28.02399999999999,0.9784406779661026,0.9383389830508465,0,4,22
2041274,144,190,2042191,WW,8619.6,17620.7,1826.3,5.8053,111.7,0,166.51,155.5,500.6,473.9999999999999,322.9899999999999,230.18,29.179585492083024,93.59220271900548,17.433590013563514,119.40594751482439,17.09515546786663,37.63717807213973,3482.2956045560245,14358.386260869782,13.613874335149637,36.99104943907422,33.963,0.9996113074204951,0.9615547703180211,0,2,17.9
2043121,182,202,2043203,SG,4809.3,8196.1,1195.3,2.3932,82.9,0,122.21,115.7,256.3000000000001,230.2,109.77000000000001,14.621999999999998,37.89068065005811,202.00551248658985,35.41122949712156,177.90703554398402,3.838423310129438,119.34344147631928,3451.3138299787356,14258.512732984758,9.829648477329846,47.70076164999033,2.9579999999999997,1,0.9910843373493969,0,2,5.2
2044131,208,234,2044237,SM,16272.9,17020,83.5,6.3531,170.1,0,234.54,213.8,478.49999999999983,437.3999999999999,289.44000000000005,46.565999999999995,40.30196510328875,203.2080449460685,3.684835394437272,83.51425354953263,3.640302933239342,14.311639724374686,3410.0067253950815,14069.316818808808,11.597328617543115,32.25364325625249,8.393,0.9976635514018692,0.9985046728971962,0,2,4.8
2044291,152,194,2045200,WW,7691.7,15379.9,1416.2,4.6226,108.3,0,138.82,132,472.70000000000005,455.59999999999997,280.64,198.86900000000006,32.75229239766274,42.196101835113254,48.91016808870368,166.54681120740975,23.317428561963062,79.54565345162055,3395.849372843466,14016.258954780515,13.190349054118728,41.174059061767885,36.592999999999996,0.9956521739130433,0.9386231884057977,0,3,15
2045244,128,175,2046179,WRA,4109,13736.9,2963.7,5.7122,91.1,0,157.95,133.7,535.5,500.4999999999996,329.89000000000016,108.79000000000002,0.2249907803544865,54.80965303047383,40.038018696197284,132.10747044655457,44.09187617347204,78.5735645935349,3402.844522703149,14060.889427440798,18.786183282816555,43.671803274540004,14.055,0.981129568106313,0.9551495016611292,0,2,24.7
2046274,154,191,2047192,WW,7517.4,16009.6,1676.6,5.3408,115.3,0,157.52,147.9,481.50000000000017,460.5,309.89,216.76299999999995,32.86823349877531,69.67018365476352,52.32519686222998,162.44551836159698,4.4910644890969325,39.36431696036945,3392.384885533141,14028.619375066732,12.684701262392299,37.967121799361514,40.304,1,0.9654929577464788,0,2,17.3
2048122,176,193,2048199,SG,4595.3,7713.6,1107.8,2.2007,85.1,0,103.63,98,250.10000000000002,235.40000000000003,109.85000000000001,91.55000000000003,62.45123150357448,227.38633747874334,58.82270694460508,215.6888578383256,13.917100154507924,146.3052276785585,3368.3579050195526,13942.77420558699,12.1328034547286,48.581149366476176,16.261,1,0.9773076923076929,0,1,4.3
2049097,202,223,2049224,SM,15648.9,16414.1,173.2,6.5497,175.7,0,241.8,220,477.90000000000003,425.5999999999999,276.6,62.083000000000006,43.4132908182058,208.1474768631697,4.65306030636873,92.2045102924494,0.0,6.717627870810233,3336.2833028371265,13807.006014414485,9.40780498669238,33.2136898510477,13.907,0.9949218750000002,0.9981249999999998,0,2,5.3
2049289,148,189,2050201,WW,7462.4,15149.2,1513.9,4.9303,112.19999999999999,0,145.69,137.6,476.4999999999999,452.2999999999998,291.75999999999993,209.86400000000003,37.95785863982129,43.35584168079411,34.53931456514377,164.9099131676127,7.491738418326423,53.2047168552031,3325.6929893693086,13749.296434008742,15.735783031259599,42.255127817478154,38.361000000000004,1,0.947625899280575,0,4,15.8
2050247,135,178,2051198,WRA,3788.8,12954.5,2416.1,4.6594,91.69999999999999,0,151.74,132.6,570.2999999999998,509.19999999999976,298.01000000000005,163.17700000000005,11.519686384388791,54.44392273271609,58.64205284984761,147.56808899107122,6.741863912036647,30.71652679389794,3328.730224193441,13779.66202595567,18.636120423356598,41.93664572953413,21.037000000000003,0.9509779179810738,0.9640694006309148,4,5,24.4
2051310,149,192,2052218,WW,7230.1,13229.2,1004.5,3.288,87.6,0,130.9,125.9,453.8999999999997,423.3,227.62999999999994,187.19700000000003,63.17004348504781,181.8631182542399,23.79128803501861,153.95258439269512,25.10956758455219,89.93091347766975,3303.066860780491,13693.169352878851,14.594641812034185,55.49928400825855,30.115000000000006,1,0.9586131386861313,4,9,13.7
2053121,182,200,2053205,SG,5055.3,8611.9,1230,2.4727,83.8,0,145.89,138.4,274.8,253.3,128.80000000000004,5.476000000000001,59.25272191278921,223.60076999894014,7.40456895198466,137.72350330618926,1.7857031393546023,90.66656214146732,3277.37546695336,13590.83739786091,11.037220144517457,48.09481068570916,0.969,1,0.9956470588235297,0,1,6.3
2054124,205,223,2054224,SM,14223.3,14964.8,180.3,5.8571,172.8,0,264.48,245,443.79999999999984,366.9999999999999,245.40000000000006,0,25.603998665607286,189.81725713078603,2.1197224949668385,72.23564236556646,0.0,0.0,3245.8762224672932,13459.898485167176,9.496841806812856,38.86013972323843,0,0.9381188118811881,1,8,4,6.2
2054294,139,180,2055181,WW,7233.1,12804.4,913.4,2.977,78.1,0,119.7,116.2,443.7000000000002,399.90000000000003,237.48000000000008,125.974,13.890348274321493,13.860347884101815,33.80996101755902,178.80971169898513,0.0,34.72429630264674,3230.7778055642216,13398.140789532055,9.54031774769679,38.58113827114977,26.957,1,0.955296442687747,0,2,12.4
2055240,125,169,2056170,WRA,3963,13439.8,2898.8,5.5074,98.1,0,140.27,118.4,529.0999999999999,486.70000000000005,324.0100000000002,273.0689999999999,0.0,24.266361904260165,20.35447122405382,114.93059506637574,56.03523946479234,89.15322225310514,3244.648607361261,13463.821981188083,16.53645708671906,33.9020741357479,33.954,0.974729729729731,0.9230067567567573,3,2,21.8
2056307,143,194,2057195,WW,8595.7,15511.9,1202.7,4.0298,93.3,0,141.83,135.1,481.0999999999998,448.6999999999998,286.93,190.52999999999997,63.362050571648716,134.96327081782985,13.787761445462019,121.19066764756619,8.253348234417702,42.92830054066692,3225.048158172618,13405.310353058672,10.521741488118497,39.00778395715339,27.947000000000003,1,0.9490980392156861,12,2,14.6
2058121,172,189,2058201,SG,4450.8,7613.4,1104.3,2.2095,84.3,0,123.13,117.1,284.30000000000007,239.09999999999997,118.22999999999998,49.09,52.05961787137229,216.8139210249305,18.72722617314144,160.42687694288855,1.7662909232922352,101.09454955515947,3198.9862309760315,13294.37687338344,11.9710488804723,51.00811702193368,9.474000000000002,1,0.9898765432098761,0,4,5.3
2059130,211,232,2059239,SM,15124.9,15945.8,183.8,7.2293,170.8,0,255.26,231.4,483.79999999999984,428.0999999999998,279.5,33.340999999999994,47.27952235290707,210.67230900128826,3.5602837593451535,67.66633764963453,3.6312501438596905,10.813417216862062,3177.056603014975,13196.723405176863,12.966290101060043,37.01804199216314,5.553,0.9888181818181822,0.998727272727273,0,3,6.1
2059278,149,189,2060190,WW,8032.1,15817.6,1439.5,4.6469,113.30000000000001,0,148.72,140.9,468.3000000000001,444.49999999999994,294.61999999999995,206.75900000000004,25.684371669654208,31.86598492113078,41.408905717776385,154.49850002024297,0.0,33.389437014907124,3164.546552608675,13154.626729609845,11.01606070431606,35.27170766963068,37.480999999999995,1,0.9604676258992795,0,2,15.9
2060254,127,167,2061172,WRA,3401.5,12868,2956.2,5.713,99.19999999999999,0,154.13,130,512.8999999999999,471.4999999999997,311.53,177.70199999999997,14.649733818679374,45.98577512347099,23.0433027949395,99.46332098298313,35.44907765089231,50.31950004027871,3173.9699118006247,13215.599089281817,17.058585568007878,34.413215001545,21.622000000000007,0.9743157894736846,0.9531578947368412,0,4,23.7
2061274,152,192,2062194,WW,7520.7,16571.1,1781.9,5.7098,113,0,163.5,152.3,480.89999999999986,459.0999999999997,323.56999999999994,230.134,23.464202933128707,93.79166785628597,13.925329717292309,91.58052035856518,5.359318069922727,14.04468487172124,3158.9571807685747,13170.468211966,11.614494904757027,34.271610175008696,35.373999999999995,0.9921678321678321,0.9609440559440551,0,3,18.2
2063055,143,165,2063169,SG,4198.4,6513.4,766.7,1.5496,85.6,0,110.95,108,265.30000000000007,243.39999999999998,90.41,119.03599999999999,45.15624762692586,209.80488615102425,13.257956969188111,155.22873412105247,50.74934634606594,164.74052740160295,3134.6581630205046,13087.946123929602,11.694304570914031,52.893066175479994,21.474000000000004,1,0.9948695652173911,0,0,4.2
2064131,211,235,2064239,SM,15221.6,15993.2,128.1,6.6493,168.2,0,260.68,239.1,461.79999999999995,413.89999999999986,266.32,0,54.46937654515553,219.1829489837549,16.72599246880486,105.06654238859824,7.446549686493617,41.38685778869422,3095.650431599643,12917.33047140237,11.93534495917356,40.393624257765914,0,1,0.9992660550458717,0,3,5.9
2064285,152,190,2065196,WW,7798.1,16109.6,1547.8,4.9904,102.29999999999998,0,155.82,147.5,489.1,453.09999999999997,315.6400000000001,133.214,32.682474858688245,65.56383128404332,24.450190177593477,119.96258902668542,11.593207921982966,18.386551265432523,3089.7278004583204,12882.275814056626,12.64054189601424,36.32700408349873,23.255000000000003,0.9637769784172673,0.9634532374100708,0,3,17
2065240,143,182,2066183,WRA,3797.7,12851.3,2537.8,4.9459,115.1,0,161.35,141.1,534.8999999999996,475.49999999999983,305.8,188.129,0.0,0.0,41.83727678394656,157.13130720831404,10.265356979091196,38.490139558972025,3105.5603575953096,12975.032486802642,13.840297835165249,30.44692039698792,23.968,0.9291585760517803,0.9728155339805832,5,2,26
2066294,149,191,2067193,WW,8124.5,15458.1,1290.8,4.1846,120.30000000000001,0,150.93,144.2,490.0000000000001,447.0999999999998,293.63,193.197,34.45552914599547,56.76013915161308,10.987396046526618,113.01279243885618,3.8637930154559963,9.52609562104334,3107.008828621046,12993.554659618098,10.897364124561182,31.914824621631414,29.248000000000005,0.9832075471698112,0.9666792452830181,0,3,16
2068122,179,194,2068195,SG,4518,7730,1105.8,2.2146,81,0,118.98,113.2,260.8,232.49999999999997,113.11999999999999,41.89,37.94201136139732,201.94670857712416,27.62593622693523,171.8606461484701,4.703204836148736,123.49522236671844,3088.7059235585943,12940.438211189185,10.296223835705856,50.14341502858804,6.179999999999999,1,0.9914864864864857,0,2,5.2
2069130,209,240,2069241,SM,15555.6,16307,62.4,6.6297,174.7,0,228.11,206.4,464.80000000000007,432.40000000000003,254.15000000000006,17.178,38.40785405778629,203.04540041833332,13.0008922409367,83.34861519071183,0.616098903071971,13.508910844518523,3050.662340683962,12757.379998086168,11.280221324162373,29.015857184707304,2.0309999999999997,0.9816071428571428,0.9960714285714284,0,0,4.9
2069281,143,188,2070190,WW,8859.6,17876.1,1888.6,6.0796,120.80000000000001,0,165.25,152.3,508.50000000000006,461.79999999999984,335.44,179.155,0.0,4.095181144153484,7.3884583892255575,85.85623077494053,23.12288981048852,28.951489277514828,3049.8295817435683,12759.64152560697,11.40523839103561,30.708518973610676,22.221,0.9748363636363632,0.9514909090909086,2,3,17.4
2070241,134,177,2071178,WRA,3686.5,13006.4,2496.3,4.8182,91.3,0,153.85,134.2,562.7999999999995,469.70000000000005,305.3300000000001,37.117,5.110778823601838,9.207631216876358,37.541820918930746,130.4933874081305,5.917458818660817,18.407527753811895,3059.0766222925795,12832.434812447664,12.651384677401412,34.408255803136186,4.194,0.9195049504950499,0.9723762376237621,20,2,24.6
2071278,143,187,2072188,WW,8252.1,17173.1,1886.5,6.0665,102.2,0,156.72,145.1,506.4,474.09999999999985,328.23000000000013,93.03999999999999,27.05492491483351,35.36147686305564,48.99946376110296,166.17182327792946,48.95757477193213,89.50047576597338,3055.286337860688,12822.032680853346,15.325000133597143,42.76623177561682,13.153999999999998,0.9897101449275361,0.9557971014492752,0,2,16.8
2073072,150,171,2073176,SG,5271.3,8458.3,1083.1,2.1793,86.3,0,126.71,120.9,279.40000000000003,249.10000000000008,117.65,29.133999999999997,57.679732564665194,222.58472391851612,23.15890821301284,165.9556081899371,16.660503337721874,122.37475890610582,3030.9359535267276,12738.783180769504,11.67268719944406,51.7162462997415,5.848,1,0.9921904761904756,0,4,5
2074107,201,220,2074221,SM,14202.4,15034.5,172.2,6.3208,167.39999999999998,0,247.76,226.3,473.5,395.8999999999999,255.35000000000014,58.16799999999999,42.63496546085917,207.0143832828133,0.0,31.69447482708765,0.0,0.0,3002.3604579878534,12606.743230038397,10.012714337117245,34.01896435172532,13.33,0.9188695652173912,0.9989565217391306,0,7,6.4
2074288,145,183,2075184,WW,7727.9,15455.1,1462,4.7398,119.2,0,147.22,138.2,460.20000000000016,429.99999999999983,294.81999999999994,273.2240000000001,59.86507327042907,74.64825513956885,15.93994978162168,104.2186058774231,0.0,8.23595995455334,2991.591569298193,12561.0195115638,10.100723156728641,30.52780075136266,50.782000000000004,0.9938931297709928,0.9469847328244279,0,2,15.7
2075253,134,173,2076180,WRA,3252.6,12561.9,3076.4,6.0316,89.7,0,157.2,131.9,547.3999999999997,485.69999999999993,339.50999999999993,50.135000000000005,56.062794758384165,62.94290852491699,25.289645703999465,114.31131058058382,2.088477571654321,9.313915825755025,2998.0426930615304,12623.509469388702,14.218124654980237,37.73713368403258,5.932,0.9486006825938569,0.9457679180887378,0,4,23.9
2076283,150,190,2077192,WW,8374.8,16550.9,1492.4,4.8452,93.60000000000001,0,157.7,149.8,494.50000000000034,450.2999999999998,311.1799999999999,59.566,44.27615478239709,46.85266407200521,38.771783413970574,140.67356083207406,0.0,3.806605594202206,2993.3493265794455,12614.509505233205,10.863748677575654,34.76192429486223,8.790999999999999,0.9817753623188407,0.9660144927536217,1,3,16.9
2078081,156,179,2078180,SG,5410.5,8647.8,1091.4,2.191,86.8,0,122.62,117.1,290.1000000000001,265.19999999999993,127.22,22.283,54.23099850740763,219.09533945656625,41.248109951288534,183.91851971977658,5.252673501208297,112.92354343919759,2977.9666873142723,12572.285839661448,9.451532362582372,47.36701498043386,3.854,1,0.9910999999999998,0,1,4.8
2079117,196,215,2079221,SM,14700.6,15536.2,222,6.8805,171.3,0,262.6,239.6,511.99999999999994,413.39999999999975,254.70999999999995,0,47.08220124424839,211.6494813333727,0.9822015025600678,23.770833186230938,2.470571222515283,2.8746272747934425,2954.329829036197,12463.460334402424,11.042428985437907,36.66587018771671,0,0.8917142857142857,1,0,9,6.6
2079278,148,188,2080198,WW,8112,16206.8,1649.1,5.2075,119.1,0,164.94,153.4,486.2999999999997,462.59999999999997,310.68000000000006,189.19700000000003,34.786025786831914,33.5547527734011,34.18426073649006,132.78449428277656,8.056894114606763,29.120919622819404,2942.848486067307,12410.15843932038,14.3116636038457,36.25540128563446,37.733000000000004,0.9895454545454551,0.969510489510489,0,2,17.4
2080239,n.a.,n.a.,2080366,WRA,0,1084.5,1092.1,2.1701,33,0,52.34,41.5,122.69999999999996,70.89999999999993,18.32,0,0.8984339693471205,20.39320707771146,n.a.,n.a.,n.a.,n.a.,2928.3074876506375,12376.827724132056,7.953289418734001,44.07997558436593,0,0.846015625,0.9910156250000014,n.a.,n.a.,6.2
